feature_0,feature_1,feature_2,feature_3,feature_4,feature_5,feature_6,feature_7,feature_8,feature_9,target
0.4691,0.6369,-1.0859,0.1092,0.9978,-0.0453,0.7867,-0.1272,0.2088,0.7894,0
1.1234,-0.5608,0.2634,-0.1634,-1.4321,0.5678,1.2345,-0.8765,0.3456,0.1234,1
-0.6543,0.7890,-0.4321,0.9876,0.1234,-0.5432,0.6789,0.4321,-0.7654,0.8765,0
0.3456,-0.2109,1.2345,0.5678,-0.3210,0.7654,0.1234,-0.4567,0.8901,0.2345,1
-0.1234,0.5432,-0.7890,0.3456,0.6789,-0.1234,0.4567,0.9876,-0.2345,0.5678,0
0.9876,-0.4321,0.5678,-0.2109,0.8765,0.3456,-0.6789,0.1234,0.7654,-0.0123,1
0.2345,0.8901,-0.1234,0.6543,-0.5678,0.9876,0.3210,0.7890,-0.4567,0.1234,0
-0.5432,0.1234,0.9876,-0.3456,0.2109,-0.7654,0.6543,-0.1234,0.8765,0.4567,1
0.7654,-0.6789,0.3456,0.5432,-0.2345,0.1234,0.9876,-0.8901,0.2109,0.6789,0
0.1234,0.4567,-0.9876,0.7654,0.3210,-0.4321,0.5678,0.2345,-0.6789,0.8901,1
-0.3456,0.6789,0.1234,-0.5432,0.9876,-0.2109,0.3456,0.7890,-0.1234,0.5432,0
0.8765,-0.2345,0.6543,0.1234,-0.7654,0.8901,0.4567,-0.3456,0.9876,0.2109,1
0.5678,0.3456,-0.4321,0.9876,-0.1234,0.5432,0.7654,0.0987,-0.6789,0.4321,0
-0.2109,0.7654,0.5678,-0.3456,0.1234,0.9876,-0.2345,0.8765,0.3456,-0.5432,1
0.4567,-0.5678,0.2345,0.6789,-0.9876,0.1234,0.8901,0.4321,-0.7654,0.2109,0
0.9876,0.1234,-0.7654,0.3456,0.5432,-0.4321,0.6789,-0.2109,0.8765,0.3456,1
-0.6789,0.5432,0.3456,-0.1234,0.7654,0.9876,-0.4567,0.2345,-0.8901,0.6543,0
0.2345,-0.3456,0.8765,0.5678,-0.2109,0.1234,0.7654,0.4567,-0.6789,0.9876,1
0.7654,0.6789,-0.1234,0.3456,0.9876,-0.5432,0.2345,0.8901,-0.4567,0.1234,0
-0.1234,0.4567,0.5678,-0.7654,0.2109,0.8765,-0.3456,0.6789,0.9876,-0.2345,1
0.5432,0.9876,-0.6789,0.1234,0.3456,-0.8765,0.4567,0.7654,-0.2109,0.5678,0
0.3456,-0.2345,0.7654,0.8901,-0.4321,0.1234,0.6789,0.2109,-0.9876,0.3456,1
-0.4567,0.5678,0.1234,-0.6789,0.9876,-0.2345,0.3456,0.8765,0.4321,-0.7654,0
0.8765,0.2345,-0.5432,0.6789,-0.1234,0.9876,0.7654,-0.3456,0.1234,0.8901,1
0.1234,-0.8901,0.3456,0.5432,0.7654,-0.4567,0.2345,0.6789,-0.9876,0.1234,0
0.6789,0.4567,-0.2109,0.9876,-0.3456,0.1234,0.8765,0.5678,-0.6789,0.2345,1
-0.3456,0.7654,0.5432,-0.1234,0.2345,0.8901,-0.4567,0.6789,0.9876,-0.2109,0
0.9876,-0.5678,0.3456,0.1234,-0.7654,0.4567,0.2345,0.8765,-0.6789,0.5432,1
0.2345,0.8765,-0.4321,0.6789,0.1234,-0.5432,0.7654,0.3456,-0.2109,0.9876,0
-0.6789,0.1234,0.7654,-0.3456,0.9876,0.5678,-0.2345,0.8901,0.4567,-0.1234,1
0.4321,0.5432,-0.6789,0.2345,0.8765,-0.9876,0.1234,0.7654,0.3456,-0.4567,0
0.7654,-0.2109,0.3456,0.9876,-0.1234,0.5678,0.8901,0.2345,-0.6789,0.4321,1
-0.1234,0.6789,0.5432,-0.4567,0.1234,0.8765,-0.3456,0.9876,0.2109,-0.7654,0
0.8901,0.3456,-0.7654,0.5678,0.9876,-0.2109,0.1234,0.6789,-0.4321,0.3456,1
0.5678,-0.5432,0.2345,0.7654,-0.8901,0.1234,0.6789,0.9876,-0.3456,0.2109,0
-0.3456,0.9876,0.4321,-0.1234,0.5432,0.8765,-0.6789,0.2345,0.7654,-0.9876,1
0.2109,0.1234,-0.5678,0.6789,-0.2345,0.9876,0.3456,0.8901,-0.7654,0.4567,0
0.6789,0.7654,-0.3456,0.1234,0.9876,-0.4567,0.2345,0.5432,-0.8765,0.1234,1
-0.4567,0.5678,0.9876,-0.2109,0.3456,0.8765,-0.1234,0.6789,0.4321,-0.5432,0
0.8765,0.2345,-0.6789,0.7654,-0.1234,0.9876,0.5678,0.3456,-0.2109,0.8901,1
0.1234,-0.9876,0.4567,0.5432,0.6789,-0.3456,0.2345,0.8765,-0.7654,0.1234,0
0.7654,0.3456,-0.2345,0.9876,-0.5678,0.1234,0.8901,0.6789,-0.4321,0.2109,1
-0.2109,0.8765,0.5678,-0.3456,0.1234,0.9876,-0.6789,0.2345,0.7654,-0.1234,0
0.9876,-0.1234,0.3456,0.5432,-0.8765,0.4567,0.2345,0.8901,-0.6789,0.5678,1
0.4321,0.6789,-0.7654,0.2345,0.1234,-0.5432,0.9876,0.3456,-0.2109,0.8765,0
-0.6789,0.5432,0.1234,-0.9876,0.8765,0.2345,-0.4567,0.7654,0.9876,-0.3456,1
0.5678,0.9876,-0.2345,0.3456,-0.1234,0.6789,0.8901,0.4567,-0.7654,0.2109,0
0.3456,-0.4321,0.6789,0.7654,-0.5678,0.1234,0.2345,0.8765,-0.9876,0.4321,1
-0.1234,0.8901,0.5432,-0.6789,0.2345,0.9876,-0.3456,0.1234,0.8765,0.5678,0
0.7654,0.2109,-0.3456,0.6789,0.9876,-0.4567,0.1234,0.8901,-0.2345,0.4567,1
0.2345,0.5678,-0.8765,0.1234,0.3456,-0.7654,0.9876,0.6789,-0.4321,0.2109,0
-0.5432,0.9876,0.4567,-0.2109,0.8765,0.1234,-0.6789,0.3456,0.7654,-0.9876,1
0.8765,-0.3456,0.2345,0.6789,-0.1234,0.9876,0.5678,0.4321,-0.8901,0.1234,0
0.1234,0.7654,-0.5678,0.3456,0.9876,-0.2345,0.8901,0.6789,-0.4567,0.2109,1
0.6789,0.4321,-0.1234,0.8765,-0.5432,0.1234,0.2345,0.9876,0.3456,-0.7654,0
-0.2109,0.5678,0.6789,-0.3456,0.1234,0.9876,-0.4567,0.8765,0.2345,-0.1234,1
0.9876,0.2345,-0.7654,0.4567,-0.2109,0.8901,0.1234,0.6789,-0.5678,0.3456,0
0.4567,-0.6789,0.5678,0.1234,0.8765,-0.3456,0.9876,0.2345,-0.1234,0.7654,1
-0.3456,0.9876,0.1234,-0.8765,0.6789,0.2345,-0.4567,0.5678,0.8901,-0.2109,0
0.5432,0.3456,-0.2345,0.7654,-0.9876,0.1234,0.8765,0.4567,-0.6789,0.2345,1
0.7654,0.8901,-0.4321,0.1234,0.9876,-0.5432,0.2345,0.6789,-0.8765,0.3456,0
-0.1234,0.6789,0.5432,-0.2109,0.3456,0.9876,-0.7654,0.1234,0.8765,0.4567,1
0.8765,0.4567,-0.6789,0.9876,-0.1234,0.2345,0.7654,0.3456,-0.5678,0.1234,0
0.2109,-0.9876,0.3456,0.5678,-0.2345,0.8901,0.1234,0.6789,-0.4567,0.9876,1
0.6789,0.1234,-0.5432,0.8765,0.2345,-0.7654,0.9876,0.4321,-0.3456,0.1234,0
-0.4321,0.7654,0.9876,-0.1234,0.3456,0.8765,-0.6789,0.2345,0.5432,-0.9876,1
0.9876,-0.2345,0.1234,0.5678,-0.8765,0.3456,0.2345,0.7654,0.6789,-0.4567,0
0.3456,0.8901,-0.4567,0.1234,0.9876,-0.2109,0.5678,0.6789,-0.7654,0.2345,1
-0.6789,0.5432,0.3456,-0.9876,0.1234,0.2345,-0.8765,0.4567,0.7654,0.9876,0
0.5678,0.2109,-0.1234,0.6789,0.9876,-0.3456,0.8901,0.4321,-0.2345,0.5432,1
0.1234,0.9876,-0.5678,0.3456,-0.7654,0.1234,0.2345,0.8765,0.4567,-0.6789,0
-0.2345,0.6789,0.4567,-0.8765,0.1234,0.9876,-0.3456,0.7654,0.2109,-0.5432,1
0.7654,-0.3456,0.8901,0.5678,0.9876,-0.1234,0.3456,0.6789,-0.4567,0.2345,0
0.4321,0.5432,-0.6789,0.1234,-0.2109,0.9876,0.8765,0.3456,-0.7654,0.4567,1
-0.5678,0.9876,0.2345,-0.4321,0.8765,0.1234,-0.6789,0.5432,0.3456,-0.9876,0
0.8765,0.1234,-0.3456,0.7654,0.9876,-0.2345,0.2109,0.6789,-0.5678,0.4321,1
0.2345,0.7654,-0.9876,0.1234,0.3456,-0.8765,0.5678,0.4567,-0.2109,0.9876,0
-0.1234,0.4567,0.6789,-0.5432,0.1234,0.8901,-0.3456,0.9876,0.2345,-0.7654,1
0.6789,0.8765,-0.2345,0.3456,0.9876,-0.4567,0.1234,0.7654,-0.6789,0.2109,0
0.9876,-0.1234,0.5678,0.2345,-0.7654,0.8765,0.3456,0.4567,-0.9876,0.1234,1
0.3456,0.6789,-0.4321,0.8901,-0.1234,0.5432,0.9876,0.2345,-0.8765,0.4321,0
-0.2109,0.5678,0.1234,-0.6789,0.9876,0.2345,-0.3456,0.8765,0.4567,-0.5432,1
0.5432,0.3456,-0.8765,0.1234,0.7654,-0.9876,0.4567,0.6789,-0.2345,0.8901,0
0.7654,0.9876,-0.1234,0.5678,0.2345,-0.4567,0.8901,0.1234,-0.6789,0.3456,1
-0.4567,0.2345,0.6789,-0.3456,0.1234,0.8765,-0.5678,0.9876,0.2109,-0.7654,0
0.8765,0.4321,-0.2345,0.6789,0.9876,-0.1234,0.5432,0.3456,-0.8901,0.2109,1
0.1234,-0.5678,0.9876,0.3456,-0.2109,0.8901,0.7654,0.4567,-0.6789,0.1234,0
0.6789,0.8901,-0.3456,0.1234,0.9876,-0.7654,0.2345,0.5678,0.4321,-0.5432,1
-0.3456,0.5432,0.1234,-0.9876,0.2345,0.8765,-0.4567,0.7654,0.9876,-0.2109,0
0.9876,0.2109,-0.6789,0.4567,-0.1234,0.8901,0.3456,0.6789,-0.5678,0.2345,1
0.4567,0.7654,-0.2345,0.9876,-0.8765,0.1234,0.5678,0.3456,-0.4321,0.8901,0
-0.2345,0.9876,0.5432,-0.3456,0.1234,0.6789,-0.7654,0.2345,0.8765,-0.9876,1
0.5678,0.1234,-0.4567,0.8765,0.9876,-0.2109,0.3456,0.7654,-0.6789,0.2345,0
0.3456,0.8901,-0.1234,0.5678,-0.6789,0.1234,0.9876,0.4321,-0.2345,0.5432,1
-0.6789,0.4567,0.2345,-0.8901,0.1234,0.9876,-0.3456,0.7654,0.6789,-0.5678,0
0.8765,-0.2109,0.7654,0.3456,0.9876,-0.4567,0.1234,0.6789,-0.8901,0.2345,1
0.2345,0.5678,-0.9876,0.1234,0.3456,-0.7654,0.8901,0.4567,-0.2109,0.6789,0
-0.1234,0.9876,0.4321,-0.5432,0.8765,0.2345,-0.6789,0.5678,0.1234,-0.3456,1
0.7654,0.3456,-0.2345,0.8765,-0.1234,0.9876,0.5432,0.6789,-0.4567,0.2109,0
0.6789,0.8765,-0.5678,0.1234,0.9876,-0.2345,0.3456,0.4567,-0.8901,0.1234,1
-0.4567,0.5432,0.1234,-0.6789,0.2345,0.8901,-0.9876,0.3456,0.7654,-0.2109,0
0.9876,0.2345,-0.3456,0.5678,-0.1234,0.8765,0.4567,0.6789,-0.7654,0.2345,1
0.1234,0.6789,-0.8765,0.3456,0.9876,-0.4321,0.2345,0.5432,-0.6789,0.8901,0
-0.2109,0.4567,0.5678,-0.9876,0.1234,0.8765,-0.3456,0.7654,0.2345,-0.5432,1

